login,full_name,created_at,stargazers_count,watchers_count,language,has_projects,has_wiki,license_name
amitshekhariitbhu,amitshekhariitbhu/amitshekhariitbhu,2022-08-22T09:33:29Z,1,1,,True,True,
amitshekhariitbhu,amitshekhariitbhu/android-blogs,2017-05-29T07:57:01Z,19,19,,True,false,
amitshekhariitbhu,amitshekhariitbhu/Android-Debug-Database,2016-11-16T14:20:24Z,8410,8410,Java,True,True,apache-2.0
amitshekhariitbhu,amitshekhariitbhu/android-dev-sources,2017-03-20T14:45:17Z,14,14,,True,True,apache-2.0
amitshekhariitbhu,amitshekhariitbhu/android-developer-roadmap,2019-07-28T19:16:36Z,2785,2785,Java,True,True,apache-2.0
amitshekhariitbhu,amitshekhariitbhu/Android-HotFix,2016-09-29T18:19:47Z,24,24,Java,True,True,
amitshekhariitbhu,amitshekhariitbhu/android-interview-questions,2017-07-09T18:47:24Z,11382,11382,Java,True,True,apache-2.0
amitshekhariitbhu,amitshekhariitbhu/android-mvp-basic-sample,2017-08-24T16:38:38Z,149,149,Java,True,True,apache-2.0
amitshekhariitbhu,amitshekhariitbhu/Android-MVP-Sample-Application,2017-01-13T11:04:00Z,261,261,Java,True,True,apache-2.0
amitshekhariitbhu,amitshekhariitbhu/android-online-course,2019-07-31T11:28:56Z,22,22,,True,True,
amitshekhariitbhu,amitshekhariitbhu/android-open-project,2016-07-01T02:26:47Z,9,9,,True,True,apache-2.0
amitshekhariitbhu,amitshekhariitbhu/Android-Shimmer-Example,2020-03-09T16:06:31Z,61,61,Kotlin,True,True,
amitshekhariitbhu,amitshekhariitbhu/Android-TensorFlow-Lite-Example,2018-03-17T04:07:35Z,751,751,Java,True,True,apache-2.0
amitshekhariitbhu,amitshekhariitbhu/AndroidTensorFlowMachineLearningExample,2017-03-06T04:34:38Z,1436,1436,Java,True,True,apache-2.0
amitshekhariitbhu,amitshekhariitbhu/AndroidTensorFlowMNISTExample,2017-03-16T15:16:30Z,464,464,Java,True,True,apache-2.0
amitshekhariitbhu,amitshekhariitbhu/angular.js,2016-02-14T04:19:35Z,1,1,JavaScript,True,True,mit
amitshekhariitbhu,amitshekhariitbhu/AppLock,2015-04-27T16:54:48Z,40,40,Java,True,True,
amitshekhariitbhu,amitshekhariitbhu/awesome,2016-06-16T07:58:47Z,13,13,,True,false,
amitshekhariitbhu,amitshekhariitbhu/awesome-android,2016-06-02T09:03:33Z,17,17,,True,True,cc0-1.0
amitshekhariitbhu,amitshekhariitbhu/awesome-android-1,2016-06-03T03:32:38Z,62,62,,True,True,apache-2.0
amitshekhariitbhu,amitshekhariitbhu/awesome-android-complete-reference,2016-06-15T02:13:26Z,2836,2836,Java,True,True,
amitshekhariitbhu,amitshekhariitbhu/awesome-android-libraries,2016-06-03T09:39:46Z,16,16,,True,True,
amitshekhariitbhu,amitshekhariitbhu/awesome-android-things,2016-12-16T13:42:28Z,962,962,Java,True,True,
amitshekhariitbhu,amitshekhariitbhu/awesome-tensorflow,2017-03-16T03:30:58Z,6,6,,True,True,cc0-1.0
amitshekhariitbhu,amitshekhariitbhu/best-android-tutorials,2019-08-02T07:15:20Z,156,156,,True,True,
amitshekhariitbhu,amitshekhariitbhu/fantastic-ios-architecture,2017-02-20T05:49:57Z,10,10,,True,True,mit
amitshekhariitbhu,amitshekhariitbhu/Fast-Android-Networking,2016-03-21T18:35:44Z,5700,5700,Java,True,True,apache-2.0
amitshekhariitbhu,amitshekhariitbhu/FlatBuffer,2016-04-17T07:08:52Z,616,616,Java,True,True,apache-2.0
amitshekhariitbhu,amitshekhariitbhu/Floatingview,2016-05-12T13:45:51Z,8,8,Java,True,True,
amitshekhariitbhu,amitshekhariitbhu/fresco,2015-05-19T15:14:58Z,1,1,Java,True,True,other
amitshekhariitbhu,amitshekhariitbhu/from-java-to-kotlin,2017-05-21T11:56:27Z,6212,6212,Java,True,True,apache-2.0
amitshekhariitbhu,amitshekhariitbhu/GlideBitmapPool,2016-06-17T15:48:57Z,589,589,Java,True,True,apache-2.0
amitshekhariitbhu,amitshekhariitbhu/go-backend-clean-architecture,2023-01-08T04:50:47Z,4665,4665,Go,True,True,apache-2.0
amitshekhariitbhu,amitshekhariitbhu/iOS-Viper-Architecture,2017-02-18T14:05:16Z,724,724,Swift,True,True,apache-2.0
amitshekhariitbhu,amitshekhariitbhu/Kotlin-Coroutines-Android-Examples,2020-04-20T15:47:16Z,1024,1024,,True,True,apache-2.0
amitshekhariitbhu,amitshekhariitbhu/Kotlin-Networking,2017-04-30T10:41:48Z,98,98,Kotlin,True,True,apache-2.0
amitshekhariitbhu,amitshekhariitbhu/Learn-Kotlin-Coroutines,2022-10-03T17:28:58Z,390,390,Kotlin,True,True,apache-2.0
amitshekhariitbhu,amitshekhariitbhu/Learn-Kotlin-Flow,2022-10-03T19:22:33Z,414,414,Kotlin,True,True,apache-2.0
amitshekhariitbhu,amitshekhariitbhu/Machine-Learning-Tutorials,2017-03-07T04:59:43Z,16,16,,True,True,cc0-1.0
amitshekhariitbhu,amitshekhariitbhu/MVVM-Architecture-Android,2020-03-04T12:20:04Z,594,594,Kotlin,True,True,
amitshekhariitbhu,amitshekhariitbhu/nodes,2016-11-12T04:46:03Z,0,0,Java,True,True,
amitshekhariitbhu,amitshekhariitbhu/NYBus,2017-08-14T07:12:19Z,288,288,Java,True,True,apache-2.0
amitshekhariitbhu,amitshekhariitbhu/PRDownloader,2017-11-11T19:29:38Z,3265,3265,Java,True,True,apache-2.0
amitshekhariitbhu,amitshekhariitbhu/reactivex.github.io,2016-08-02T11:40:00Z,0,0,JavaScript,True,True,apache-2.0
amitshekhariitbhu,amitshekhariitbhu/ridesharing-uber-lyft-app,2020-03-25T09:42:55Z,1501,1501,Kotlin,True,True,
amitshekhariitbhu,amitshekhariitbhu/RxJava2-Android-Samples,2016-08-27T08:21:37Z,4961,4961,Java,True,True,apache-2.0
amitshekhariitbhu,amitshekhariitbhu/RxJava3-Android-Examples,2019-11-12T15:06:05Z,289,289,Kotlin,True,True,apache-2.0
amitshekhariitbhu,amitshekhariitbhu/RxJavaPriorityScheduler,2018-07-01T08:27:56Z,144,144,Java,True,True,apache-2.0
amitshekhariitbhu,amitshekhariitbhu/SnapHelperExample,2017-01-13T19:48:04Z,249,249,Java,True,True,
amitshekhariitbhu,amitshekhariitbhu/tiger,2016-08-26T16:41:00Z,1,1,Java,True,false,apache-2.0
amitshekhariitbhu,amitshekhariitbhu/UltimateAndroidReference,2017-05-29T04:37:16Z,50,50,Java,True,True,apache-2.0
amitshekhariitbhu,amitshekhariitbhu/WordSuggestions,2016-05-18T16:28:52Z,2,2,C++,True,True,
shradha-khapra,shradha-khapra/Admin_Form,2018-11-09T09:10:21Z,9,9,PHP,True,True,
shradha-khapra,shradha-khapra/ApnaCollege-Alpha,2022-09-26T07:08:43Z,427,427,Java,True,True,
shradha-khapra,shradha-khapra/ApnaCollege-Java,2021-12-11T12:45:57Z,204,204,Java,True,True,
shradha-khapra,shradha-khapra/Apni-Kaksha-Demo-Tasks,2021-04-17T07:26:17Z,17,17,,True,True,
shradha-khapra,shradha-khapra/BasicProjects,2018-09-07T18:05:33Z,83,83,HTML,True,True,
shradha-khapra,shradha-khapra/GoogleMaps,2018-09-07T17:19:54Z,44,44,JavaScript,True,True,
shradha-khapra,shradha-khapra/HealthPortal,2019-08-16T18:00:09Z,34,34,HTML,True,True,
shradha-khapra,shradha-khapra/in-sps-20-team-93,2020-09-02T16:08:16Z,19,19,,True,True,apache-2.0
shradha-khapra,shradha-khapra/JavaScriptSeries,2023-12-06T14:45:39Z,246,246,JavaScript,True,True,
shradha-khapra,shradha-khapra/MachineLearning,2019-11-14T12:18:44Z,78,78,Python,True,True,
shradha-khapra,shradha-khapra/Online-Library-System,2018-07-19T13:24:56Z,26,26,Handlebars,True,True,
shradha-khapra,shradha-khapra/software-product-sprint-2020,2020-07-05T13:50:28Z,22,22,Java,True,True,apache-2.0
shradha-khapra,shradha-khapra/TwitterBotDetection,2020-04-12T13:22:54Z,20,20,Jupyter Notebook,True,True,
shradha-khapra,shradha-khapra/Web_Development_Lectures,2018-07-19T13:40:27Z,71,71,HTML,True,True,
loveBabbar,loveBabbar/aws_cicd_pipline_codedeploy,2024-07-20T17:26:42Z,7,7,HTML,True,True,
loveBabbar,loveBabbar/CodeHelp-DSA-Busted-Series,2021-12-08T19:23:15Z,3361,3361,C++,True,True,
loveBabbar,loveBabbar/CodehelpYTWebDev,2023-07-01T21:55:01Z,207,207,HTML,True,True,
loveBabbar,loveBabbar/hello-world,2017-06-22T08:39:13Z,4,4,,True,True,
loveBabbar,loveBabbar/make-a-pull-request,2020-03-28T14:59:13Z,13,13,,True,True,
loveBabbar,loveBabbar/mapfirst,2018-05-31T19:08:42Z,7,7,Java,True,True,
loveBabbar,loveBabbar/Material_Design_Dummy,2018-05-28T18:41:38Z,5,5,Java,True,True,
loveBabbar,loveBabbar/Miwok,2018-05-19T18:08:36Z,8,8,Java,True,True,other
loveBabbar,loveBabbar/myrepo,2022-12-22T22:38:52Z,7,7,,True,True,
loveBabbar,loveBabbar/PasteApp,2024-10-20T12:07:04Z,2,2,JavaScript,True,True,
loveBabbar,loveBabbar/ProgressTracker,2018-05-31T03:53:39Z,14,14,Java,True,True,
loveBabbar,loveBabbar/SecureMessenger,2018-05-28T11:14:41Z,46,46,Java,True,True,
loveBabbar,loveBabbar/URL-Shortener,2020-03-28T15:15:33Z,56,56,JavaScript,True,True,mit
loveBabbar,loveBabbar/YoutubeStats,2018-05-27T22:21:31Z,17,17,Java,True,True,
Nakshatra05,Nakshatra05/Alpha-Challenge,2024-09-16T00:57:29Z,2,2,,True,false,
Nakshatra05,Nakshatra05/Arbitrum-EcoSaver,2024-06-24T21:41:09Z,1,1,JavaScript,True,True,
Nakshatra05,Nakshatra05/E-Commerce-App,2023-09-06T07:15:15Z,18,18,JavaScript,True,True,
Nakshatra05,Nakshatra05/Filmyverse,2023-10-12T13:24:10Z,14,14,JavaScript,True,True,
Nakshatra05,Nakshatra05/Grovers-Algorithm,2024-06-20T17:01:27Z,1,1,Python,True,True,
Nakshatra05,Nakshatra05/Hamster-Kombat,2024-07-02T09:25:37Z,3,3,TypeScript,True,True,
Nakshatra05,Nakshatra05/Intro-to-Web3,2024-09-19T19:07:04Z,13,13,,True,True,
Nakshatra05,Nakshatra05/Nakshatra05,2023-10-02T06:38:02Z,17,17,,True,false,
Nakshatra05,Nakshatra05/Notcoin-Telegram-Mini-App-Clone,2024-09-21T10:23:47Z,1,1,TypeScript,True,True,
Nakshatra05,Nakshatra05/Quantum-Embedding-Kernels,2024-06-20T17:00:26Z,1,1,Python,True,True,
Nakshatra05,Nakshatra05/Quantum-Sudoku-Solver,2024-10-27T17:41:30Z,1,1,Python,True,True,mit
Nakshatra05,Nakshatra05/Quizzify_Stellar,2024-07-09T03:33:24Z,2,2,JavaScript,True,True,
Nakshatra05,Nakshatra05/SecureFi,2023-09-20T11:05:55Z,31,31,Rust,True,True,mit
Nakshatra05,Nakshatra05/SorobanChunaav,2024-05-18T12:37:28Z,1,1,JavaScript,True,True,
Nakshatra05,Nakshatra05/StellarLingo,2024-06-29T19:17:18Z,5,5,JavaScript,True,True,
Nakshatra05,Nakshatra05/Thomso-Team-Page,2024-10-27T10:40:01Z,1,1,JavaScript,True,True,
Nakshatra05,Nakshatra05/TONLingo,2024-06-08T11:52:39Z,4,4,TypeScript,True,True,
Nakshatra05,Nakshatra05/TONLingoBOT,2024-07-02T17:41:56Z,1,1,TypeScript,True,True,
Nakshatra05,Nakshatra05/Uniswap-Token-Marketplace,2024-06-23T13:06:05Z,1,1,JavaScript,True,True,
Nakshatra05,Nakshatra05/Web3-Fundraiser,2023-10-12T13:35:43Z,6,6,JavaScript,True,True,
Nakshatra05,Nakshatra05/Web3-PayPal,2023-10-12T18:39:25Z,16,16,JavaScript,True,True,
Nakshatra05,Nakshatra05/Web3-Twitter,2024-06-20T17:13:33Z,1,1,TypeScript,True,True,
Nakshatra05,Nakshatra05/Whizzify,2024-07-14T05:21:45Z,1,1,EJS,True,True,
Nakshatra05,Nakshatra05/Whizzify_Edu_Chain,2024-08-30T17:04:47Z,1,1,EJS,True,True,
Nakshatra05,Nakshatra05/Whizzify_Eth,2024-09-08T14:05:28Z,1,1,EJS,True,True,
Anuj-Kumar-Sharma,Anuj-Kumar-Sharma/AarogyaSetu_Android,2020-05-27T05:17:55Z,11,11,,True,True,other
Anuj-Kumar-Sharma,Anuj-Kumar-Sharma/android-PictureInPicture,2019-07-01T06:40:49Z,10,10,Java,True,True,apache-2.0
Anuj-Kumar-Sharma,Anuj-Kumar-Sharma/AndroidUIExtentions,2020-02-13T06:23:52Z,9,9,,True,True,mit
Anuj-Kumar-Sharma,Anuj-Kumar-Sharma/Birthday-Wishing,2020-09-09T18:04:20Z,56,56,Kotlin,True,True,
Anuj-Kumar-Sharma,Anuj-Kumar-Sharma/CircularProgressBar,2020-03-23T18:26:27Z,13,13,Kotlin,True,True,
Anuj-Kumar-Sharma,Anuj-Kumar-Sharma/Collections-Framework,2021-06-11T07:41:15Z,144,144,Java,True,True,apache-2.0
Anuj-Kumar-Sharma,Anuj-Kumar-Sharma/cs-currency-converter,2024-02-18T15:44:54Z,3,3,JavaScript,True,True,apache-2.0
Anuj-Kumar-Sharma,Anuj-Kumar-Sharma/Dad-Jokes-Chrome-Extension,2021-09-26T18:33:18Z,41,41,HTML,True,True,
Anuj-Kumar-Sharma,Anuj-Kumar-Sharma/Data_Structures,2017-10-03T12:06:37Z,21,21,Java,True,True,
Anuj-Kumar-Sharma,Anuj-Kumar-Sharma/DS-Algo,2020-02-15T20:36:00Z,510,510,Java,True,True,apache-2.0
Anuj-Kumar-Sharma,Anuj-Kumar-Sharma/EthereumVoting,2018-12-14T12:55:39Z,53,53,JavaScript,True,True,mit
Anuj-Kumar-Sharma,Anuj-Kumar-Sharma/ExoPlayer2,2017-06-10T09:09:16Z,21,21,Java,True,True,
Anuj-Kumar-Sharma,Anuj-Kumar-Sharma/Face-Recognition,2018-06-14T19:37:09Z,35,35,Python,True,True,
Anuj-Kumar-Sharma,Anuj-Kumar-Sharma/Firebook,2017-03-15T17:20:56Z,35,35,Java,True,True,
Anuj-Kumar-Sharma,Anuj-Kumar-Sharma/First-Contribution,2021-05-30T21:27:34Z,32,32,,True,True,
Anuj-Kumar-Sharma,Anuj-Kumar-Sharma/GitLearningRepo,2020-01-15T18:12:12Z,10,10,Python,True,True,
Anuj-Kumar-Sharma,Anuj-Kumar-Sharma/Java-DSA,2022-06-01T12:11:14Z,243,243,Java,True,True,
Anuj-Kumar-Sharma,Anuj-Kumar-Sharma/Kaarbizz,2018-08-31T16:27:10Z,18,18,Java,True,True,
Anuj-Kumar-Sharma,Anuj-Kumar-Sharma/Lets-Learn-Git,2021-05-30T21:03:21Z,4,4,Java,True,True,
Anuj-Kumar-Sharma,Anuj-Kumar-Sharma/Manage_iT,2017-05-12T14:38:20Z,73,73,Java,True,True,
Anuj-Kumar-Sharma,Anuj-Kumar-Sharma/Meme-Share,2020-09-20T11:46:28Z,34,34,Kotlin,True,True,
Anuj-Kumar-Sharma,Anuj-Kumar-Sharma/NewsApp,2020-10-24T17:39:54Z,41,41,Kotlin,True,True,
Anuj-Kumar-Sharma,Anuj-Kumar-Sharma/NSIT-Connect,2017-02-25T21:03:33Z,15,15,Java,True,True,mit
Anuj-Kumar-Sharma,Anuj-Kumar-Sharma/PulsatingButtonAndroidLibrary,2020-02-05T07:33:41Z,9,9,,True,True,
Anuj-Kumar-Sharma,Anuj-Kumar-Sharma/PythonTuts,2020-01-14T19:21:23Z,10,10,Python,True,True,
Anuj-Kumar-Sharma,Anuj-Kumar-Sharma/python_in_one_video,2021-10-16T06:28:49Z,13,13,Python,True,True,
Anuj-Kumar-Sharma,Anuj-Kumar-Sharma/RedditData,2017-05-31T18:25:26Z,10,10,HTML,True,True,
Anuj-Kumar-Sharma,Anuj-Kumar-Sharma/resume,2022-09-20T11:01:20Z,4,4,HTML,True,True,
Anuj-Kumar-Sharma,Anuj-Kumar-Sharma/Rubiks_cube_Solver,2017-05-12T14:11:16Z,30,30,Java,True,True,
Anuj-Kumar-Sharma,Anuj-Kumar-Sharma/Shuffler,2017-06-16T20:59:37Z,334,334,Java,True,True,
Anuj-Kumar-Sharma,Anuj-Kumar-Sharma/Social-App,2020-11-25T10:48:33Z,56,56,Kotlin,True,True,
Anuj-Kumar-Sharma,Anuj-Kumar-Sharma/tailwind-landing-page,2024-03-28T15:23:22Z,18,18,HTML,True,True,
Anuj-Kumar-Sharma,Anuj-Kumar-Sharma/thinkblocks,2022-08-16T11:37:53Z,4,4,HTML,True,True,
Anuj-Kumar-Sharma,Anuj-Kumar-Sharma/TooltipProgressBar,2019-12-12T10:22:16Z,19,19,Kotlin,True,True,apache-2.0
Anuj-Kumar-Sharma,Anuj-Kumar-Sharma/Web-Development-Course,2022-08-29T21:31:14Z,252,252,HTML,True,True,
Ignitetechnologies,Ignitetechnologies/Android-Penetration-Testing,2021-02-04T11:05:09Z,328,328,,True,True,
Ignitetechnologies,Ignitetechnologies/bugbounty,2021-02-13T18:51:31Z,428,428,,True,True,
Ignitetechnologies,Ignitetechnologies/BurpSuite-For-Pentester,2020-11-07T18:37:53Z,2236,2236,,True,True,
Ignitetechnologies,Ignitetechnologies/cheatsheets,2024-08-22T18:05:30Z,14,14,,True,false,
Ignitetechnologies,Ignitetechnologies/Command-Control,2019-10-06T14:52:22Z,73,73,,True,True,
Ignitetechnologies,Ignitetechnologies/Credential-Dumping,2020-04-25T15:09:43Z,460,460,,True,True,
Ignitetechnologies,Ignitetechnologies/CTF-Difficulty,2019-08-23T13:59:58Z,751,751,,True,True,
Ignitetechnologies,Ignitetechnologies/HackTheBox-CTF-Writeups,2019-09-02T09:26:10Z,1536,1536,,True,True,
Ignitetechnologies,Ignitetechnologies/Linux-Privilege-Escalation,2020-05-24T16:21:27Z,770,770,,True,True,
Ignitetechnologies,Ignitetechnologies/Mindmap,2023-01-22T09:45:22Z,7075,7075,,True,True,
Ignitetechnologies,Ignitetechnologies/MSSQL-Pentest-Cheatsheet,2021-09-15T17:46:36Z,208,208,,True,True,
Ignitetechnologies,Ignitetechnologies/myfiles,2022-05-02T07:04:09Z,14,14,,True,True,
Ignitetechnologies,Ignitetechnologies/Nmap-For-Pentester,2021-02-12T12:05:57Z,660,660,,True,True,
Ignitetechnologies,Ignitetechnologies/OSCP_Tools,2024-08-22T18:00:16Z,4,4,,True,True,
Ignitetechnologies,Ignitetechnologies/PayloadsAllTheThings,2021-03-30T17:41:37Z,40,40,,True,false,mit
Ignitetechnologies,Ignitetechnologies/Persistence-Accessibility-Features,2020-05-18T05:59:23Z,29,29,PowerShell,True,True,
Ignitetechnologies,Ignitetechnologies/precompiled-binaries,2024-08-22T17:17:19Z,2,2,,True,True,
Ignitetechnologies,Ignitetechnologies/Privilege-Escalation,2019-08-23T06:51:28Z,3288,3288,,True,True,
Ignitetechnologies,Ignitetechnologies/TryHackMe-CTF-Writeups,2021-05-21T16:02:25Z,191,191,,True,True,
Ignitetechnologies,Ignitetechnologies/view2akill,2020-02-01T14:01:27Z,24,24,Python,True,True,
Ignitetechnologies,Ignitetechnologies/Vulnhub-CTF-Writeups,2019-09-02T07:52:59Z,1065,1065,,True,True,
Ignitetechnologies,Ignitetechnologies/Web-Application-Cheatsheet,2019-08-31T09:37:27Z,428,428,,True,True,
Ignitetechnologies,Ignitetechnologies/Windows-Privilege-Escalation,2021-11-27T13:11:30Z,329,329,,True,True,
Ignitetechnologies,Ignitetechnologies/Windows-Privilege-Escalation-SeImpersontatePrivilege,2021-08-04T08:34:07Z,26,26,,True,True,
Ignitetechnologies,Ignitetechnologies/Wireless-Penetration-Testing,2021-07-30T20:38:11Z,124,124,,True,True,
developerrahulofficial,developerrahulofficial/Admin-Dashboard-Ui,2024-09-10T11:37:30Z,0,0,TypeScript,True,True,mit
developerrahulofficial,developerrahulofficial/Advice-generator-app,2023-09-11T09:35:19Z,13,13,CSS,True,True,
developerrahulofficial,developerrahulofficial/Age-calculator,2023-08-08T06:39:56Z,13,13,JavaScript,True,True,
developerrahulofficial,developerrahulofficial/AI-Enabled-Chrome-Startup-Page,2023-05-01T07:11:13Z,22,22,,True,True,
developerrahulofficial,developerrahulofficial/AI-Girlfriend,2023-08-24T12:48:09Z,47,47,Python,True,false,mit
developerrahulofficial,developerrahulofficial/Ai-mini-image-generator,2024-08-05T11:17:54Z,2,2,TypeScript,True,True,
developerrahulofficial,developerrahulofficial/amazon-clone,2023-11-26T12:51:20Z,16,16,JavaScript,True,True,
developerrahulofficial,developerrahulofficial/amazon-clone-deployment,2023-12-23T06:59:41Z,5,5,JavaScript,True,True,
developerrahulofficial,developerrahulofficial/anime-notifier,2023-09-27T12:06:24Z,10,10,Python,True,True,
developerrahulofficial,developerrahulofficial/Body-Mass-Index-Calculator,2023-08-12T10:35:32Z,11,11,CSS,True,True,
developerrahulofficial,developerrahulofficial/Bounce-Nokia-Clone,2023-10-14T08:18:24Z,24,24,JavaScript,True,True,
developerrahulofficial,developerrahulofficial/BrainWave-Ui,2024-09-09T09:55:42Z,0,0,JavaScript,True,True,
developerrahulofficial,developerrahulofficial/calling-jadoo,2023-10-17T10:58:16Z,14,14,CSS,True,True,
developerrahulofficial,developerrahulofficial/Chrome-Home-Redesigned,2023-05-11T05:13:16Z,14,14,CSS,True,True,
developerrahulofficial,developerrahulofficial/ClearSky,2024-04-02T11:02:09Z,10,10,Python,True,True,bsd-2-clause
developerrahulofficial,developerrahulofficial/cool-terminal,2023-06-13T08:38:45Z,20,20,,True,True,
developerrahulofficial,developerrahulofficial/crush-diary,2024-03-22T11:07:40Z,9,9,Vue,True,True,
developerrahulofficial,developerrahulofficial/Crush-Motion-Detector,2023-11-06T04:46:43Z,15,15,Python,True,True,
developerrahulofficial,developerrahulofficial/Cut-Effect,2023-02-12T04:47:44Z,4,4,JavaScript,True,True,
developerrahulofficial,developerrahulofficial/daily-tracker,2024-06-23T13:56:03Z,0,0,TypeScript,True,True,
developerrahulofficial,developerrahulofficial/Dark-Bee,2022-05-29T05:51:19Z,2,2,,True,false,
developerrahulofficial,developerrahulofficial/Developer-Rahul-University-ui,2024-09-10T11:13:00Z,0,0,HTML,True,True,
developerrahulofficial,developerrahulofficial/dictionary-app,2023-08-17T11:38:56Z,87,87,JavaScript,True,false,mit
developerrahulofficial,developerrahulofficial/dino-game-reacreated,2023-10-25T10:11:54Z,24,24,JavaScript,True,True,
developerrahulofficial,developerrahulofficial/django,2022-10-10T08:13:27Z,3,3,,True,false,bsd-3-clause
developerrahulofficial,developerrahulofficial/Du-all-college-websites,2021-04-28T05:31:44Z,5,5,Python,True,True,
developerrahulofficial,developerrahulofficial/DuaCrush,2023-05-17T09:37:28Z,14,14,HTML,True,True,
developerrahulofficial,developerrahulofficial/english-first-ui-challenge,2023-09-16T16:27:26Z,5,5,HTML,True,True,
developerrahulofficial,developerrahulofficial/final-react-class-project,2023-10-01T06:27:27Z,9,9,JavaScript,True,True,
developerrahulofficial,developerrahulofficial/First-Ui-Challenge,2023-09-09T08:20:36Z,6,6,HTML,True,True,
developerrahulofficial,developerrahulofficial/gesture-detetction,2024-01-26T08:17:11Z,23,23,Python,True,True,
developerrahulofficial,developerrahulofficial/github-dynamic-stats-app,2023-08-29T11:11:33Z,5,5,HTML,True,True,
developerrahulofficial,developerrahulofficial/impressingCrush,2023-05-06T16:41:55Z,182,182,JavaScript,True,True,
developerrahulofficial,developerrahulofficial/internet-speed-notifier,2024-06-12T04:32:39Z,5,5,TypeScript,True,True,mit
developerrahulofficial,developerrahulofficial/ip-tracker,2023-09-03T12:15:14Z,26,26,JavaScript,True,True,mit
developerrahulofficial,developerrahulofficial/Ipod-classic,2022-12-08T13:40:51Z,40,40,,True,True,
developerrahulofficial,developerrahulofficial/jennie-anime-player,2023-09-25T11:18:05Z,196,196,TypeScript,True,True,mit
developerrahulofficial,developerrahulofficial/kdrama-streaming,2024-06-01T07:43:42Z,4,4,TypeScript,True,True,
developerrahulofficial,developerrahulofficial/locationGit,2024-02-20T12:30:39Z,38,38,JavaScript,True,True,
developerrahulofficial,developerrahulofficial/longmeet-lets-thango,2023-11-13T08:09:23Z,51,51,TypeScript,True,false,
developerrahulofficial,developerrahulofficial/Love_Puzzle,2023-07-10T15:53:02Z,24,24,JavaScript,True,True,
developerrahulofficial,developerrahulofficial/lyricsDr,2024-06-03T10:16:47Z,3,3,TypeScript,True,True,mit
developerrahulofficial,developerrahulofficial/manga-story,2024-02-08T11:44:39Z,5,5,JavaScript,True,True,mit
developerrahulofficial,developerrahulofficial/milk-boil-time-calculator,2023-10-02T12:52:44Z,10,10,JavaScript,True,True,
developerrahulofficial,developerrahulofficial/monkeytype-bot,2024-01-11T15:18:21Z,17,17,Python,True,True,gpl-3.0
developerrahulofficial,developerrahulofficial/moovies-ui-design,2024-09-09T10:42:58Z,1,1,TypeScript,True,True,mit
developerrahulofficial,developerrahulofficial/MyPartnerisBusy,2023-10-09T10:46:08Z,39,39,JavaScript,True,True,
developerrahulofficial,developerrahulofficial/no-internet-spiderman-game,2024-05-12T06:44:26Z,15,15,JavaScript,True,True,
developerrahulofficial,developerrahulofficial/nocodeDB,2024-08-07T15:52:30Z,3,3,JavaScript,True,True,
developerrahulofficial,developerrahulofficial/Notifies-Chrome-Extension,2024-02-12T10:05:30Z,5,5,TypeScript,True,True,
developerrahulofficial,developerrahulofficial/phone_auth_and_notfication_firebase_flutter,2022-04-27T04:20:34Z,3,3,,True,True,
developerrahulofficial,developerrahulofficial/Potify-mini-Music-Player,2023-02-02T13:08:58Z,66,66,HTML,True,True,
developerrahulofficial,developerrahulofficial/private-threads,2024-02-29T10:41:25Z,7,7,TypeScript,True,True,
developerrahulofficial,developerrahulofficial/pure-css-car,2023-08-10T10:59:47Z,6,6,CSS,True,True,
developerrahulofficial,developerrahulofficial/rahul-first-ui-challenge,2023-09-16T14:26:39Z,4,4,HTML,True,True,
developerrahulofficial,developerrahulofficial/Roses-are-rosie,2023-06-16T12:42:03Z,19,19,CSS,True,True,
developerrahulofficial,developerrahulofficial/secretCrush,2023-05-09T12:37:40Z,14,14,JavaScript,True,True,
developerrahulofficial,developerrahulofficial/SocialMediaDashboard,2023-06-29T02:50:22Z,10,10,HTML,True,false,
developerrahulofficial,developerrahulofficial/Structure-of-Atom,2023-07-31T07:59:11Z,35,35,CSS,True,True,
developerrahulofficial,developerrahulofficial/Stylish-QR-Code,2023-08-02T11:54:10Z,15,15,HTML,True,True,
developerrahulofficial,developerrahulofficial/SVG-Files,2023-02-01T12:17:28Z,2,2,,True,True,
developerrahulofficial,developerrahulofficial/tasty-cake,2024-09-09T10:39:36Z,0,0,,True,false,mit
developerrahulofficial,developerrahulofficial/tendernotifier,2022-10-10T07:53:45Z,2,2,Python,True,True,
developerrahulofficial,developerrahulofficial/Tic-Tac-Toe-Game,2023-08-04T11:11:08Z,28,28,JavaScript,True,True,
developerrahulofficial,developerrahulofficial/video-streaming,2024-02-10T07:40:53Z,2,2,JavaScript,True,false,
developerrahulofficial,developerrahulofficial/video-streaming-starter-files,2024-05-29T07:23:38Z,7,7,JavaScript,True,True,
developerrahulofficial,developerrahulofficial/Wathering-With-You,2023-12-06T06:22:15Z,55,55,JavaScript,True,True,
developerrahulofficial,developerrahulofficial/weather-prediction-app,2023-09-01T10:20:40Z,13,13,JavaScript,True,True,
developerrahulofficial,developerrahulofficial/Youttube-ad-Skipper,2024-03-31T14:48:00Z,17,17,JavaScript,True,True,
developerrahulofficial,developerrahulofficial/yt-note-taking-app,2024-06-29T10:53:35Z,3,3,JavaScript,True,True,
farhan7reza7,farhan7reza7/.github,2024-01-29T20:11:17Z,16,16,,True,True,
farhan7reza7,farhan7reza7/.github-1,2024-02-24T14:09:03Z,1,1,,True,false,
farhan7reza7,farhan7reza7/acorn,2024-01-26T12:17:24Z,16,16,,True,True,
farhan7reza7,farhan7reza7/AdEm,2024-01-28T19:54:03Z,18,18,,True,True,mit
farhan7reza7,farhan7reza7/alquran.cloud,2024-03-31T18:38:38Z,3,3,,True,True,gpl-3.0
farhan7reza7,farhan7reza7/amplify-vite-react-template,2024-06-27T10:15:34Z,0,0,TypeScript,True,True,mit-0
farhan7reza7,farhan7reza7/astro,2024-01-26T12:14:33Z,16,16,,True,false,other
farhan7reza7,farhan7reza7/auth-module,2024-01-26T12:11:07Z,16,16,,True,True,mit
farhan7reza7,farhan7reza7/babel,2024-01-26T12:12:39Z,16,16,,True,false,mit
farhan7reza7,farhan7reza7/back,2024-02-07T11:50:17Z,16,16,JavaScript,True,True,
farhan7reza7,farhan7reza7/booster-1,2024-02-04T01:56:35Z,17,17,,True,True,
farhan7reza7,farhan7reza7/booster-2,2024-02-04T02:04:36Z,17,17,,True,True,
farhan7reza7,farhan7reza7/check,2024-02-04T02:03:07Z,17,17,,True,True,
farhan7reza7,farhan7reza7/checker,2024-02-04T02:00:47Z,17,17,,True,True,mit
farhan7reza7,farhan7reza7/computer-science-in-javascript,2024-01-26T12:18:00Z,16,16,,True,false,mit
farhan7reza7,farhan7reza7/diff-ymd-package,2024-01-15T00:02:07Z,40,40,JavaScript,True,True,mit
farhan7reza7,farhan7reza7/DSA-in-C,2024-01-26T19:48:27Z,16,16,,True,True,
farhan7reza7,farhan7reza7/elvirafimansyah.github.io,2024-01-27T18:05:41Z,16,16,,True,True,mit
farhan7reza7,farhan7reza7/eslint,2024-01-26T15:38:51Z,16,16,JavaScript,True,false,mit
farhan7reza7,farhan7reza7/eslint-config-prettier,2024-02-03T12:25:10Z,17,17,,True,false,mit
farhan7reza7,farhan7reza7/eslint-config-standard,2024-01-26T12:07:31Z,16,16,,True,false,mit
farhan7reza7,farhan7reza7/eslint-plugin-prettier,2024-02-04T00:49:55Z,16,16,,True,True,mit
farhan7reza7,farhan7reza7/eslint-plugin-vue,2024-01-26T12:08:04Z,16,16,,True,false,mit
farhan7reza7,farhan7reza7/eslint.org,2024-01-26T10:45:02Z,16,16,,True,false,apache-2.0
farhan7reza7,farhan7reza7/espree,2024-01-26T10:43:41Z,16,16,,True,false,bsd-2-clause
farhan7reza7,farhan7reza7/esquery,2024-01-26T12:12:12Z,16,16,,True,True,other
farhan7reza7,farhan7reza7/examples,2024-01-26T19:28:23Z,16,16,,True,false,apache-2.0
farhan7reza7,farhan7reza7/farhan7reza7,2024-01-18T17:01:30Z,25,25,,True,True,mit
farhan7reza7,farhan7reza7/farhan7reza7-1,2024-02-04T01:40:18Z,16,16,,True,True,
farhan7reza7,farhan7reza7/farhan7reza7-2,2024-02-04T01:43:47Z,17,17,HTML,True,True,
farhan7reza7,farhan7reza7/farhan7reza7-3,2024-02-07T11:50:29Z,17,17,HTML,True,True,
farhan7reza7,farhan7reza7/farhan7reza7.github.io,2024-01-04T10:26:43Z,23,23,HTML,True,True,mit
farhan7reza7,farhan7reza7/front-app,2024-02-07T11:50:19Z,16,16,JavaScript,True,True,
farhan7reza7,farhan7reza7/fullStack,2024-02-07T11:50:22Z,16,16,,True,True,
farhan7reza7,farhan7reza7/generator-eslint,2024-01-26T10:45:35Z,16,16,,True,false,other
farhan7reza7,farhan7reza7/Git-Templates,2024-01-29T20:45:42Z,16,16,,True,True,gpl-3.0
farhan7reza7,farhan7reza7/github-readme-stats,2024-02-02T10:38:02Z,16,16,,True,false,mit
farhan7reza7,farhan7reza7/hoster,2024-02-07T11:50:28Z,17,17,,True,True,
farhan7reza7,farhan7reza7/hosters,2024-02-07T11:50:31Z,17,17,HTML,True,True,
farhan7reza7,farhan7reza7/if-follow-package,2024-01-30T05:18:45Z,31,31,JavaScript,True,True,mit
farhan7reza7,farhan7reza7/imdb_nextJS,2024-01-28T19:22:44Z,16,16,,True,True,
farhan7reza7,farhan7reza7/ispuppeteerwebdriverbidiready,2024-01-26T19:29:38Z,16,16,,True,false,apache-2.0
farhan7reza7,farhan7reza7/jasp-desktop,2024-01-26T21:01:44Z,16,16,,True,True,agpl-3.0
farhan7reza7,farhan7reza7/jasp-issues,2024-01-26T21:00:29Z,16,16,,True,True,
farhan7reza7,farhan7reza7/javascript-essential-training-2832077,2024-01-26T11:39:50Z,16,16,JavaScript,True,True,other
farhan7reza7,farhan7reza7/laravel-boilerplate,2024-01-27T18:34:06Z,16,16,,True,false,
farhan7reza7,farhan7reza7/Laravel_Project,2024-01-27T18:36:09Z,16,16,,True,True,
farhan7reza7,farhan7reza7/linkify-it,2024-01-29T20:50:40Z,16,16,,True,True,mit
farhan7reza7,farhan7reza7/Lista-de-Tarefas,2024-01-28T20:52:44Z,17,17,,True,True,
farhan7reza7,farhan7reza7/markdown,2024-02-04T21:14:03Z,16,16,,True,True,other
farhan7reza7,farhan7reza7/markdown-it,2024-01-29T20:50:19Z,16,16,,True,false,mit
farhan7reza7,farhan7reza7/markdown-it-footnote,2024-01-29T20:51:03Z,16,16,,True,True,mit
farhan7reza7,farhan7reza7/markdown-it-image-figures,2024-01-26T12:16:12Z,16,16,,True,false,mit
farhan7reza7,farhan7reza7/markdownlint,2024-01-26T10:46:42Z,16,16,,True,True,mit
farhan7reza7,farhan7reza7/Modernizr,2024-02-04T21:14:04Z,16,16,,True,True,mit
farhan7reza7,farhan7reza7/modular_client,2024-02-07T11:50:16Z,16,16,JavaScript,True,True,
farhan7reza7,farhan7reza7/modular_server,2024-02-07T11:50:01Z,16,16,JavaScript,True,True,
farhan7reza7,farhan7reza7/nave,2024-01-27T15:28:09Z,17,17,,True,True,isc
farhan7reza7,farhan7reza7/nextjs-dashboard,2024-01-27T18:42:41Z,17,17,,True,True,
farhan7reza7,farhan7reza7/node-glob,2024-01-27T15:26:59Z,16,16,,True,True,isc
farhan7reza7,farhan7reza7/node-lru-cache,2024-01-27T15:26:06Z,16,16,,True,True,isc
farhan7reza7,farhan7reza7/node-tar,2024-01-27T15:28:32Z,17,17,,True,false,isc
farhan7reza7,farhan7reza7/pagedjs,2024-01-26T12:15:42Z,16,16,,True,false,mit
farhan7reza7,farhan7reza7/plugin-xml,2024-02-04T00:49:17Z,16,16,,True,false,mit
farhan7reza7,farhan7reza7/prettier,2024-02-03T12:24:48Z,16,16,,True,True,mit
farhan7reza7,farhan7reza7/prettier-vscode,2024-02-03T12:25:47Z,17,17,,True,True,mit
farhan7reza7,farhan7reza7/professional-javascript,2024-01-26T12:06:53Z,16,16,,True,True,
farhan7reza7,farhan7reza7/Projects-Documentation,2024-01-10T20:10:19Z,29,29,HTML,True,True,mit
farhan7reza7,farhan7reza7/puppeteer,2024-01-26T12:16:57Z,16,16,,True,false,apache-2.0
farhan7reza7,farhan7reza7/Python-Greeting-Application,2024-01-03T10:29:32Z,24,24,Python,True,True,mit
farhan7reza7,farhan7reza7/react-design-patterns-2895130,2024-01-26T16:45:57Z,16,16,,True,True,other
farhan7reza7,farhan7reza7/recorder,2024-01-26T19:28:57Z,16,16,,True,false,apache-2.0
farhan7reza7,farhan7reza7/rename-and-push-10,2024-02-07T11:50:12Z,16,16,,True,True,
farhan7reza7,farhan7reza7/rename-and-push-11,2024-02-07T11:50:13Z,16,16,,True,True,
farhan7reza7,farhan7reza7/rename-and-push-12,2024-02-07T11:50:15Z,16,16,JavaScript,True,True,
farhan7reza7,farhan7reza7/rename-and-push-16,2024-02-07T11:50:20Z,16,16,,True,True,
farhan7reza7,farhan7reza7/rename-and-push-17,2024-02-07T11:50:21Z,16,16,,True,True,
farhan7reza7,farhan7reza7/rename-and-push-19,2024-02-07T11:50:23Z,16,16,,True,True,
farhan7reza7,farhan7reza7/rename-and-push-2,2024-02-07T11:50:02Z,16,16,,True,True,
farhan7reza7,farhan7reza7/rename-and-push-20,2024-02-07T11:50:25Z,16,16,JavaScript,True,True,
farhan7reza7,farhan7reza7/rename-and-push-21,2024-02-07T11:50:26Z,16,16,,True,True,
farhan7reza7,farhan7reza7/rename-and-push-22,2024-02-07T11:50:27Z,16,16,,True,True,
farhan7reza7,farhan7reza7/rename-and-push-4,2024-02-07T11:50:04Z,16,16,,True,True,
farhan7reza7,farhan7reza7/rename-and-push-5,2024-02-07T11:50:06Z,16,16,,True,True,
farhan7reza7,farhan7reza7/rename-and-push-6,2024-02-07T11:50:07Z,16,16,,True,True,
farhan7reza7,farhan7reza7/rename-and-push-7,2024-02-07T11:50:08Z,16,16,,True,True,
farhan7reza7,farhan7reza7/rename-and-push-8,2024-02-07T11:50:09Z,16,16,,True,True,
farhan7reza7,farhan7reza7/rename-and-push-9,2024-02-07T11:50:10Z,16,16,,True,True,
farhan7reza7,farhan7reza7/replay,2024-01-26T19:27:55Z,16,16,,True,false,apache-2.0
farhan7reza7,farhan7reza7/rfcs,2024-01-26T10:44:05Z,16,16,,True,false,
farhan7reza7,farhan7reza7/rimraf,2024-01-27T15:27:21Z,16,16,,True,True,isc
farhan7reza7,farhan7reza7/rollup-plugins,2024-01-26T12:13:11Z,16,16,,True,false,mit
farhan7reza7,farhan7reza7/shelljs-nodecli,2024-01-26T12:15:06Z,16,16,,True,True,other
farhan7reza7,farhan7reza7/spaceship,2024-01-27T19:25:51Z,18,18,,True,True,mit
farhan7reza7,farhan7reza7/tapjs,2024-01-27T15:26:28Z,16,16,,True,false,other
farhan7reza7,farhan7reza7/tdd-assert,2024-01-26T12:06:24Z,16,16,,True,false,other
farhan7reza7,farhan7reza7/tsc-meetings,2024-01-26T10:44:28Z,16,16,,True,false,
farhan7reza7,farhan7reza7/typescript-eslint,2024-01-26T12:08:26Z,16,16,,True,false,other
farhan7reza7,farhan7reza7/understandinges6,2024-01-26T12:16:33Z,16,16,,True,True,
farhan7reza7,farhan7reza7/weblate,2024-01-26T20:59:24Z,16,16,,True,True,gpl-3.0
janishar,janishar/android-dagger2-example,2016-12-24T20:02:05Z,455,455,Java,True,True,
janishar,janishar/Android-Debug-Database,2016-12-18T19:11:58Z,3,3,Java,True,True,apache-2.0
janishar,janishar/android-kotlin-mvp-architecture,2017-12-24T12:00:04Z,700,700,Kotlin,True,True,apache-2.0
janishar,janishar/android-mvp-architecture,2017-01-27T08:39:06Z,4439,4439,Java,True,True,apache-2.0
janishar,janishar/android-mvp-interactor-architecture,2017-07-20T15:57:02Z,404,404,Java,True,True,apache-2.0
janishar,janishar/android-mvvm-architecture,2017-07-07T08:34:07Z,2958,2958,Java,True,True,apache-2.0
janishar,janishar/android-times-square,2018-04-17T08:26:40Z,1,1,Java,True,false,apache-2.0
janishar,janishar/android_device_samsung_k3gxx,2017-12-11T15:50:12Z,0,0,C,True,false,
janishar,janishar/annotation-processing-example,2018-05-22T18:33:46Z,138,138,Java,True,True,apache-2.0
janishar,janishar/api,2019-11-11T10:49:59Z,0,0,,True,false,gpl-3.0
janishar,janishar/arduino-ide,2021-03-11T06:42:36Z,1,1,,True,True,agpl-3.0
janishar,janishar/blockly,2020-06-06T08:13:13Z,1,1,JavaScript,True,True,apache-2.0
janishar,janishar/brython,2022-04-05T07:52:16Z,2,2,,True,True,bsd-3-clause
janishar,janishar/ButterKnifeLite,2016-08-16T18:18:42Z,20,20,Java,True,True,apache-2.0
janishar,janishar/CodeMirror,2021-01-09T06:03:37Z,1,1,JavaScript,True,false,mit
janishar,janishar/codemirror.next,2021-08-06T05:03:11Z,1,1,JavaScript,True,false,other
janishar,janishar/cpp-course-for-beginners,2019-04-25T19:10:56Z,5,5,C++,True,True,
janishar,janishar/data-analytics-project-template,2022-12-25T13:45:30Z,77,77,Jupyter Notebook,True,True,apache-2.0
janishar,janishar/ds-algo,2024-07-09T18:01:26Z,0,0,,True,True,
janishar,janishar/EaselJS,2020-11-03T11:35:03Z,0,0,,True,True,mit
janishar,janishar/examples,2017-01-19T20:46:00Z,4,4,Java,True,True,
janishar,janishar/Exploring-Arduino-2nd-Edition,2021-03-09T14:58:18Z,1,1,,True,True,mit
janishar,janishar/from-java-to-kotlin,2018-05-22T17:58:26Z,17,17,Java,True,True,apache-2.0
janishar,janishar/graph-library,2017-10-31T14:56:11Z,15,15,Java,True,True,
janishar,janishar/grommet,2017-04-30T20:13:11Z,1,1,JavaScript,True,True,apache-2.0
janishar,janishar/handson-ml2,2021-06-05T20:44:55Z,4,4,Jupyter Notebook,True,True,apache-2.0
janishar,janishar/janishar,2022-12-10T14:54:18Z,1,1,,True,True,
janishar,janishar/janishar.github.io,2016-08-16T12:25:31Z,3,3,,True,True,
janishar,janishar/JPost,2016-09-21T17:22:09Z,117,117,Java,True,True,apache-2.0
janishar,janishar/js-playground,2020-02-26T10:14:49Z,0,0,JavaScript,True,True,
janishar,janishar/Keyboard,2021-01-13T05:02:55Z,1,1,JavaScript,True,True,other
janishar,janishar/lexical,2024-04-19T15:37:15Z,0,0,,True,True,mit
janishar,janishar/metabase,2022-03-22T07:24:12Z,1,1,,True,True,other
janishar,janishar/MindorksLibraryTest,2016-07-28T07:56:55Z,1,1,Java,True,True,apache-2.0
janishar,janishar/mit-deep-learning-book-pdf,2017-04-07T10:46:50Z,12856,12856,Java,True,True,
janishar,janishar/nanobyte_os,2024-07-23T08:24:59Z,0,0,,True,True,unlicense
janishar,janishar/nest,2024-01-06T15:30:17Z,1,1,,True,True,mit
janishar,janishar/node,2020-10-30T06:09:32Z,0,0,,True,false,other
janishar,janishar/node-api-backend-architecture,2017-03-06T18:55:49Z,18,18,JavaScript,True,True,
janishar,janishar/node-mvc-architecture,2017-03-08T09:15:39Z,7,7,JavaScript,True,True,
janishar,janishar/nodejs-backend-architecture-typescript,2020-03-23T08:35:52Z,2775,2775,TypeScript,True,false,apache-2.0
janishar,janishar/nodejs-bot-app,2023-01-05T06:24:37Z,6,6,JavaScript,True,True,apache-2.0
janishar,janishar/NodeJS_Microservices,2020-11-01T19:22:35Z,1,1,,True,True,
janishar,janishar/orienteering-problem,2023-10-10T11:18:44Z,1,1,C++,True,false,
janishar,janishar/os-tutorial,2020-10-26T13:27:12Z,5,5,,True,True,bsd-3-clause
janishar,janishar/ParaCamera,2016-07-28T11:24:33Z,96,96,Java,True,True,apache-2.0
janishar,janishar/Physics-Books,2021-04-12T08:53:22Z,4,4,,True,True,
janishar,janishar/PlaceHolderView,2016-08-18T16:21:50Z,2107,2107,Java,True,false,apache-2.0
janishar,janishar/post-office-simulator-looper-example,2016-12-31T16:33:24Z,113,113,Java,True,True,
janishar,janishar/postwoman,2020-05-14T16:16:07Z,2,2,,True,True,mit
janishar,janishar/python-ast,2022-06-24T08:23:10Z,1,1,,True,True,mit
janishar,janishar/randomkeygen.com,2020-11-17T17:06:02Z,0,0,,True,True,mit
janishar,janishar/react-app-architecture,2020-04-15T08:28:22Z,250,250,TypeScript,True,True,apache-2.0
janishar,janishar/simple-keyboard,2021-01-13T07:21:02Z,1,1,,True,True,mit
janishar,janishar/skulpt,2022-04-05T07:15:36Z,1,1,,True,True,other
janishar,janishar/stable-diffusion,2022-09-07T04:33:19Z,1,1,,True,True,other
janishar,janishar/Tutorials,2016-08-23T10:15:24Z,86,86,Java,True,True,apache-2.0
janishar,janishar/vscode,2021-08-19T19:35:23Z,1,1,,True,True,mit
shivaylamba,shivaylamba/.github,2023-01-23T13:50:38Z,0,0,,True,True,
shivaylamba,shivaylamba/2019-conferences,2019-11-27T18:24:07Z,0,0,,True,True,
shivaylamba,shivaylamba/AarogyaSetu_Android,2020-05-26T19:02:57Z,0,0,Java,True,True,other
shivaylamba,shivaylamba/ai-frontend-workshop,2024-06-06T05:34:49Z,2,2,TypeScript,True,True,
shivaylamba,shivaylamba/ai-inferencing-spin-wasm,2024-07-25T08:22:49Z,0,0,PowerShell,True,True,apache-2.0
shivaylamba,shivaylamba/AIDENANALYSIS--TFJS-Physiotherapist,2018-09-05T18:19:04Z,22,22,JavaScript,True,True,
shivaylamba,shivaylamba/ai_dev-workshop,2024-06-20T10:12:19Z,0,0,Dockerfile,True,True,
shivaylamba,shivaylamba/ALBERT,2019-12-12T22:20:22Z,0,0,Python,True,True,
shivaylamba,shivaylamba/algolia-migration-guide,2021-06-05T12:38:11Z,0,0,JavaScript,True,True,
shivaylamba,shivaylamba/Algorithms,2019-09-30T19:02:39Z,0,0,C++,True,True,
shivaylamba,shivaylamba/alibaba.github.com,2020-01-02T18:34:44Z,0,0,,True,True,
shivaylamba,shivaylamba/amp-e-commerce,2019-05-04T22:48:25Z,0,0,HTML,True,True,apache-2.0
shivaylamba,shivaylamba/Android-Challenge,2020-09-30T17:53:10Z,0,0,Kotlin,True,True,
shivaylamba,shivaylamba/appwrite,2020-10-07T08:07:22Z,0,0,,True,True,bsd-3-clause
shivaylamba,shivaylamba/Arcoxia,2019-01-01T17:16:10Z,0,0,,True,True,
shivaylamba,shivaylamba/Arcoxia-1,2019-01-01T17:24:23Z,0,0,,True,True,
shivaylamba,shivaylamba/arduino-esp32,2020-01-23T18:12:57Z,0,0,,True,True,lgpl-2.1
shivaylamba,shivaylamba/ARound_HackMIT,2019-09-15T14:00:29Z,0,0,Java,True,True,
shivaylamba,shivaylamba/asylo-site,2019-05-04T21:36:53Z,0,0,HTML,True,True,apache-2.0
shivaylamba,shivaylamba/attendance-system,2019-02-16T20:12:49Z,0,0,HTML,True,True,
shivaylamba,shivaylamba/awesome-computer-science-opportunities,2019-05-09T10:28:01Z,0,0,,True,True,mit
shivaylamba,shivaylamba/badge-magic-android,2019-09-03T19:52:10Z,0,0,,True,false,apache-2.0
shivaylamba,shivaylamba/badgeyay,2019-09-03T19:53:01Z,0,0,,True,false,gpl-3.0
shivaylamba,shivaylamba/batch-1-photos,2020-12-11T14:20:52Z,0,0,,True,True,
shivaylamba,shivaylamba/BatteryLife-1,2019-10-20T06:09:37Z,0,0,Python,True,True,
shivaylamba,shivaylamba/blog,2020-01-16T17:38:31Z,0,0,,True,True,
shivaylamba,shivaylamba/Bluemarble-ChatApp,2019-12-07T16:26:57Z,0,0,CSS,True,True,mit
shivaylamba,shivaylamba/BoilerPlateExtension,2020-11-27T18:21:39Z,0,0,JavaScript,True,True,
shivaylamba,shivaylamba/bpmn-js,2020-10-01T09:46:10Z,0,0,JavaScript,True,false,other
shivaylamba,shivaylamba/C-practice,2017-08-23T08:25:21Z,0,0,C++,True,True,
shivaylamba,shivaylamba/caadvotescs,2020-01-21T17:42:17Z,0,0,Hack,True,True,
shivaylamba,shivaylamba/calorie-prediction,2020-08-02T21:51:32Z,0,0,,True,True,
shivaylamba,shivaylamba/camunda-docs-manual,2020-10-01T09:36:12Z,0,0,HTML,True,false,other
shivaylamba,shivaylamba/cathacks,2020-04-05T15:46:41Z,0,0,HTML,True,True,
shivaylamba,shivaylamba/ChatBot-Python,2019-07-03T18:16:06Z,0,0,Jupyter Notebook,True,True,mit
shivaylamba,shivaylamba/chatgpt-github-issues,2023-03-07T16:20:44Z,0,0,Rust,True,True,
shivaylamba,shivaylamba/civo-gpu-operator-tf,2024-07-03T15:09:42Z,0,0,,True,True,
shivaylamba,shivaylamba/civo-llm-boilerplate,2024-07-03T14:51:32Z,0,0,,True,false,
shivaylamba,shivaylamba/cleansweep,2019-02-21T09:45:57Z,0,0,JavaScript,True,True,other
shivaylamba,shivaylamba/climberrankings,2019-08-28T18:28:18Z,0,0,Go,True,True,other
shivaylamba,shivaylamba/cloudflare-sde-internship-task,2020-04-21T03:23:39Z,0,0,JavaScript,True,True,apache-2.0
shivaylamba,shivaylamba/cml-example-base,2023-04-11T20:08:04Z,0,0,Python,True,True,
shivaylamba,shivaylamba/CMS,2019-12-29T10:31:44Z,0,0,,True,True,
shivaylamba,shivaylamba/code-nasa-gov,2019-05-05T07:48:49Z,0,0,HTML,True,True,
shivaylamba,shivaylamba/codechefvit-workshop,2020-10-10T14:03:13Z,0,0,JavaScript,True,True,
shivaylamba,shivaylamba/codeheat.org,2019-09-06T20:10:30Z,0,0,CSS,True,false,
shivaylamba,shivaylamba/coding-with-chrome,2020-02-18T11:55:04Z,0,0,JavaScript,True,True,other
shivaylamba,shivaylamba/componentize-js,2023-06-27T09:45:07Z,0,0,,True,True,apache-2.0
shivaylamba,shivaylamba/conduit-flask,2024-02-15T12:13:29Z,3,3,Python,True,True,mit
shivaylamba,shivaylamba/Conquer-Web-Development-Day-3,2020-11-30T14:34:04Z,0,0,,True,True,
shivaylamba,shivaylamba/cursor-neovim,2024-09-06T05:16:33Z,0,0,,True,false,bsd-2-clause
shivaylamba,shivaylamba/DailyCodeProblem,2019-05-02T18:12:07Z,0,0,C++,True,True,
shivaylamba,shivaylamba/DailyCodeProblems,2019-04-24T07:50:40Z,0,0,JavaScript,True,True,
shivaylamba,shivaylamba/datafighters,2020-03-29T15:56:14Z,0,0,JavaScript,True,True,
shivaylamba,shivaylamba/Days-of-Hack,2019-02-08T07:29:30Z,0,0,Jupyter Notebook,True,True,
shivaylamba,shivaylamba/DelegatedRecoverySpecification,2019-05-05T05:15:12Z,0,0,HTML,True,false,cc-by-4.0
shivaylamba,shivaylamba/demo,2021-03-22T12:30:47Z,0,0,Python,True,True,
shivaylamba,shivaylamba/demos,2023-03-29T05:11:12Z,2,2,CoffeeScript,True,True,mit
shivaylamba,shivaylamba/demos-conf,2023-09-15T09:25:11Z,1,1,TypeScript,True,True,
shivaylamba,shivaylamba/developer.adobe.com,2020-01-01T11:20:59Z,0,0,,True,True,apache-2.0
shivaylamba,shivaylamba/developerscup,2019-03-07T13:24:26Z,0,0,CSS,True,True,
shivaylamba,shivaylamba/DevelopHowTo,2019-08-14T06:20:12Z,0,0,CSS,True,True,
shivaylamba,shivaylamba/develophowto.github.io,2018-07-30T19:28:00Z,0,0,JavaScript,True,True,
shivaylamba,shivaylamba/DH,2018-12-25T19:23:11Z,0,0,JavaScript,True,True,other
shivaylamba,shivaylamba/dht-hacktoberfest,2020-10-20T08:00:14Z,1,1,C++,True,True,
shivaylamba,shivaylamba/django-dropzone-upload,2019-03-01T09:48:02Z,0,0,JavaScript,True,True,mit
shivaylamba,shivaylamba/djangoAltairViz,2019-08-04T07:15:40Z,0,0,Jupyter Notebook,True,True,
shivaylamba,shivaylamba/docker-agent,2020-10-31T14:48:19Z,0,0,,True,false,mit
shivaylamba,shivaylamba/dockercon-2020,2020-05-23T21:44:14Z,0,0,,True,True,apache-2.0
shivaylamba,shivaylamba/docs-1,2021-03-16T09:36:52Z,0,0,,True,false,
shivaylamba,shivaylamba/docs-2,2020-01-09T08:34:29Z,0,0,,True,false,apache-2.0
shivaylamba,shivaylamba/documentation,2020-04-14T04:14:08Z,0,0,Python,True,false,agpl-3.0
shivaylamba,shivaylamba/Dog-Classifier-Udacity-nanodegree,2020-09-30T17:31:42Z,0,0,Jupyter Notebook,True,True,
shivaylamba,shivaylamba/DotNetConf-Tutorials,2019-09-28T05:55:35Z,0,0,C#,True,True,
shivaylamba,shivaylamba/druid-website-src,2020-01-02T19:15:11Z,0,0,,True,false,
shivaylamba,shivaylamba/Drupal_Camp_Beginner,2019-06-15T07:24:27Z,0,0,,True,True,
shivaylamba,shivaylamba/dslab,2017-10-25T08:17:28Z,8,8,C++,True,True,
shivaylamba,shivaylamba/E-Learning,2019-02-16T20:15:30Z,0,0,HTML,True,True,
shivaylamba,shivaylamba/edjustice.github.io,2018-07-14T12:09:16Z,0,0,CSS,True,True,
shivaylamba,shivaylamba/ElectionUsingBlockchain,2020-01-19T15:03:56Z,0,0,,True,True,
shivaylamba,shivaylamba/Electric-Vehicle-App,2019-06-02T04:08:45Z,0,0,HTML,True,True,
shivaylamba,shivaylamba/engineering-portal,2020-09-30T21:55:59Z,0,0,,True,True,mit
shivaylamba,shivaylamba/Enhancing-LLM-with-Jenkins-Knowledge,2024-05-28T12:36:04Z,0,0,,True,True,mit
shivaylamba,shivaylamba/example-dvc-experiments,2023-05-09T17:07:57Z,0,0,,True,True,
shivaylamba,shivaylamba/explore,2020-01-02T18:48:01Z,0,0,,True,false,cc-by-4.0
shivaylamba,shivaylamba/fb_spammer,2018-03-02T08:17:46Z,0,0,Python,True,True,
shivaylamba,shivaylamba/ferrumjsorg,2019-12-29T10:22:00Z,0,0,,True,True,apache-2.0
shivaylamba,shivaylamba/fission,2020-09-30T21:30:55Z,0,0,Go,True,True,apache-2.0
shivaylamba,shivaylamba/FLINT.Cloud,2022-12-23T15:21:00Z,0,0,,True,True,mpl-2.0
shivaylamba,shivaylamba/Flipr_hackathon,2020-03-20T17:54:24Z,1,1,Jupyter Notebook,True,True,
shivaylamba,shivaylamba/flyte,2022-08-30T17:09:50Z,0,0,,True,false,apache-2.0
shivaylamba,shivaylamba/ForgedInTech-Website,2019-07-16T18:32:55Z,0,0,CSS,True,True,apache-2.0
shivaylamba,shivaylamba/fossasia.sg,2019-05-04T15:22:02Z,0,0,HTML,True,false,
shivaylamba,shivaylamba/fullstackproject,2022-06-11T15:03:05Z,3,3,HTML,True,True,
shivaylamba,shivaylamba/Future-HRManagement,2019-07-24T18:38:08Z,0,0,HTML,True,True,
shivaylamba,shivaylamba/gatsby,2022-02-21T07:10:31Z,0,0,,True,false,mit
shivaylamba,shivaylamba/GitHero,2019-03-30T07:01:45Z,0,0,,True,True,
shivaylamba,shivaylamba/github-actions-node,2022-07-15T22:39:35Z,2,2,JavaScript,True,True,
shivaylamba,shivaylamba/GitHub-Dark,2019-12-17T08:17:14Z,0,0,,True,True,other
shivaylamba,shivaylamba/GitHub-roast,2024-06-18T17:13:04Z,0,0,JavaScript,True,false,mit
shivaylamba,shivaylamba/github-slideshow,2020-06-01T22:12:26Z,0,0,Ruby,True,True,mit
shivaylamba,shivaylamba/gitignore,2021-05-25T08:28:39Z,1,1,,True,false,cc0-1.0
shivaylamba,shivaylamba/glitchtest2,2019-06-17T14:21:06Z,0,0,JavaScript,True,True,
shivaylamba,shivaylamba/Gmail-Clone,2019-04-02T18:08:16Z,0,0,JavaScript,True,True,
shivaylamba,shivaylamba/gojek.github.io,2020-01-16T16:16:34Z,0,0,,True,True,
shivaylamba,shivaylamba/gorilla,2024-08-29T01:51:47Z,0,0,,True,True,apache-2.0
shivaylamba,shivaylamba/goxygen,2020-03-15T20:53:49Z,0,0,,True,True,apache-2.0
